{
  "timestamp": "2026-02-01T19:39:34.649919",
  "dataset": "A",
  "algorithm": "<algo3_name> (Algo3)",
  "learning_rate": 0.0025062440537417753,
  "results": {
    "final_mse": 0.27135920174099604,
    "mse_exact": 0.009238996925705617,
    "epochs_required": 10000,
    "converged": false,
    "tolerance": 0.01,
    "total_time": 0.35257983207702637,
    "time_per_epoch": 3.525798320770264e-05
  },
  "initial_point_norm": 0.0,
  "final_point_norm": 1.2819444971837213
}