{
  "timestamp": "2026-02-01T19:27:13.261894",
  "dataset": "A",
  "algorithm": "<algo3_name> (Algo3)",
  "learning_rate": 0.0050124881074835505,
  "results": {
    "final_mse": 0.24038565006861673,
    "mse_exact": 0.009238996925705617,
    "epochs_required": 10000,
    "converged": false,
    "tolerance": 0.01,
    "total_time": 0.366718053817749,
    "time_per_epoch": 3.6671805381774904e-05
  },
  "initial_point_norm": 0.0,
  "final_point_norm": 1.4951189523734112
}