{
  "timestamp": "2026-02-02T22:46:56.467040",
  "dataset": "D",
  "algorithm": "<algo1_name> (Algo1)",
  "learning_rate": 1,
  "results": {
    "final_mse": 0.019764517850532973,
    "mse_exact": 0.019764517850532973,
    "epochs_required": 1,
    "converged": true,
    "tolerance": 1e-09,
    "total_time": 0.0027761459350585938,
    "time_per_epoch": 0.0027761459350585938
  },
  "initial_point_norm": 0.0,
  "final_point_norm": 7.401916293161362
}