{
  "timestamp": "2026-02-02T22:46:58.589626",
  "dataset": "D",
  "algorithm": "<algo3_name> (Algo3)",
  "learning_rate": 0.009256684444785829,
  "results": {
    "final_mse": 0.019764518494354365,
    "mse_exact": 0.019764517850532973,
    "epochs_required": 125,
    "converged": true,
    "tolerance": 1e-09,
    "total_time": 0.42897486686706543,
    "time_per_epoch": 0.0034317989349365234
  },
  "initial_point_norm": 0.0,
  "final_point_norm": 7.401920511524299
}