{
  "timestamp": "2026-02-02T02:16:59.309941",
  "dataset": "A",
  "algorithm": "<algo1_name> (Algo1)",
  "learning_rate": 1,
  "results": {
    "final_mse": 0.00923899692570561,
    "mse_exact": 0.009238996925705617,
    "epochs_required": 1,
    "converged": true,
    "tolerance": 0.1,
    "total_time": 0.0001373291015625,
    "time_per_epoch": 0.0001373291015625
  },
  "initial_point_norm": 0.0,
  "final_point_norm": 7.68792675721038
}