{
  "timestamp": "2026-02-02T22:26:17.325231",
  "dataset": "D",
  "algorithm": "<algo1_name> (Algo1)",
  "learning_rate": 1,
  "results": {
    "final_mse": 0.039529035701065945,
    "mse_exact": 0.039529035701065945,
    "epochs_required": 1,
    "converged": true,
    "tolerance": 1e-08,
    "total_time": 0.008638143539428711,
    "time_per_epoch": 0.008638143539428711
  },
  "initial_point_norm": 0.0,
  "final_point_norm": 7.401916293161362
}