{
  "timestamp": "2026-02-01T19:39:33.547659",
  "dataset": "A",
  "algorithm": "<algo2_name> (Algo2)",
  "learning_rate": 0.002506244053741774,
  "results": {
    "final_mse": 0.2522497073536655,
    "mse_exact": 0.009238996925705617,
    "epochs_required": 10000,
    "converged": false,
    "tolerance": 0.01,
    "total_time": 3.8601582050323486,
    "time_per_epoch": 0.0003860158205032349
  },
  "initial_point_norm": 0.0,
  "final_point_norm": 1.4042756154612808
}