{
  "timestamp": "2026-02-01T20:12:42.077266",
  "dataset": "A",
  "algorithm": "<algo3_name> (Algo3)",
  "learning_rate": 0.0005012488107483551,
  "results": {
    "final_mse": 0.302064687511275,
    "mse_exact": 0.009238996925705617,
    "epochs_required": 10000,
    "converged": false,
    "tolerance": 0.01,
    "total_time": 5.262746572494507,
    "time_per_epoch": 0.0005262746572494507
  },
  "initial_point_norm": 0.0,
  "final_point_norm": 1.9476646074239121
}