{
  "timestamp": "2026-02-02T22:46:57.342393",
  "dataset": "D",
  "algorithm": "<algo2_name> (Algo2)",
  "learning_rate": 0.004662515350412312,
  "results": {
    "final_mse": 0.01976451846194868,
    "mse_exact": 0.019764517850532973,
    "epochs_required": 44,
    "converged": true,
    "tolerance": 1e-09,
    "total_time": 0.12685084342956543,
    "time_per_epoch": 0.0028829737143083053
  },
  "initial_point_norm": 0.0,
  "final_point_norm": 7.401886786776866
}