{
  "timestamp": "2026-02-01T20:12:36.031423",
  "dataset": "A",
  "algorithm": "<algo2_name> (Algo2)",
  "learning_rate": 0.002506244053741774,
  "results": {
    "final_mse": 0.019233163090382473,
    "mse_exact": 0.009238996925705617,
    "epochs_required": 2265,
    "converged": true,
    "tolerance": 0.01,
    "total_time": 1.0567352771759033,
    "time_per_epoch": 0.0004665497912476394
  },
  "initial_point_norm": 0.0,
  "final_point_norm": 6.320341048725096
}