{
  "timestamp": "2026-02-02T22:26:18.071673",
  "dataset": "D",
  "algorithm": "<algo2_name> (Algo2)",
  "learning_rate": 0.004662515350412312,
  "results": {
    "final_mse": 0.03952904260893996,
    "mse_exact": 0.039529035701065945,
    "epochs_required": 41,
    "converged": true,
    "tolerance": 1e-08,
    "total_time": 0.06027650833129883,
    "time_per_epoch": 0.0014701587397877762
  },
  "initial_point_norm": 0.0,
  "final_point_norm": 7.401848870215335
}