{
  "timestamp": "2026-01-24T21:02:40.317457",
  "dataset": "D",
  "algorithm": "GradientDescent",
  "learning_rate": 0.12753210729967396,
  "results": {
    "final_mse": 0.04708824730725213,
    "mse_exact": 0.03952903570106596,
    "epochs_required": 15,
    "converged": true,
    "tolerance": 0.01,
    "total_time": 0.6612851619720459,
    "time_per_epoch": 0.04408567746480306
  },
  "initial_point_norm": 0.0,
  "final_point_norm": 7.317740097724728
}